time_s,command,force_n
0.0,0.0,0.0
0.01,0.0,0.0
0.02,0.0,0.0
0.03,0.0,0.0
0.04,0.0,0.0
0.05,0.0,0.0
0.06,0.0,0.0
0.07,0.0,0.0
0.08,0.0,0.0
0.09,0.0,0.0
0.1,5.0,0.0
0.11,5.0,0.0
0.12,5.0,1.9673467
0.13,5.0,3.16060279
0.14,5.0,3.8843492
0.15,5.0,4.32332358
0.16,5.0,4.58957501
0.17,5.0,4.75106466
0.18,5.0,4.84901308
0.19,5.0,4.90842181
0.2,5.0,4.94445502
0.21,5.0,4.96631027
0.22,5.0,4.97956614
0.23,5.0,4.98760624
0.24,5.0,4.9924828
0.25,5.0,4.99544059
0.26,5.0,4.99723458
0.27,5.0,4.99832269
0.28,5.0,4.99898266
0.29,5.0,4.99938295
0.3,5.0,4.99962574
0.31,5.0,4.999773
0.32,5.0,4.99986232
0.33,5.0,4.99991649
0.34,5.0,4.99994935
0.35,5.0,4.99996928
0.36,5.0,4.99998137
0.37,5.0,4.9999887
0.38,5.0,4.99999315
0.39,5.0,4.99999584
0.4,5.0,4.99999748
0.41,5.0,4.99999847
0.42,5.0,4.99999907
0.43,5.0,4.99999944
0.44,5.0,4.99999966
0.45,5.0,4.99999979
0.46,5.0,4.99999987
0.47,5.0,4.99999992
0.48,5.0,4.99999995
0.49,5.0,4.99999997
0.5,5.0,4.99999998
0.51,5.0,4.99999999
0.52,5.0,4.99999999
0.53,5.0,5.0
0.54,5.0,5.0
0.55,5.0,5.0
0.56,5.0,5.0
0.57,5.0,5.0
0.58,5.0,5.0
0.59,5.0,5.0
0.6,5.0,5.0
0.61,5.0,5.0
0.62,5.0,5.0
0.63,5.0,5.0
0.64,5.0,5.0
0.65,5.0,5.0
0.66,5.0,5.0
0.67,5.0,5.0
0.68,5.0,5.0
0.69,5.0,5.0
0.7,5.0,5.0
0.71,5.0,5.0
0.72,5.0,5.0
0.73,5.0,5.0
0.74,5.0,5.0
0.75,5.0,5.0
0.76,5.0,5.0
0.77,5.0,5.0
0.78,5.0,5.0
0.79,5.0,5.0
0.8,5.0,5.0
